[{"idCodigoCliente":"55","nombreCliente":"AHOGADOS","yugoVivo":8.6,"yugoPelado":9.6,"tecnicaVivo":8.7,"tecnicaPelado":9.9,"gallinaDoblePelado":80,"ahogados":2,"galloPelado":8,"maltratadoPelado":6.9,"pechuga":10.2,"pierna":10.4,"alas":10.4,"menudencia":5.9,"gallinaChica":14.5,"otros":9,"polloXX":8.9,"brasaYugo":9.5,"brasaTecnico":9.8,"polloXXVivo":8.2,"gallinaDobleVivo":9.5,"gallinaChicaVivo":5,"galloVivo":7,"maltratadoVivo":12.5,"ultimaActualizacionUsuario":"1 EDINSON 2024-09-12 12:55:31"},{"idCodigoCliente":"41","nombreCliente":"ANA BORRERO","yugoVivo":8.8,"yugoPelado":9.6,"tecnicaVivo":8.9,"tecnicaPelado":9.7,"gallinaDoblePelado":10.6,"ahogados":2,"galloPelado":8,"maltratadoPelado":8.4,"pechuga":10.2,"pierna":10.4,"alas":10.6,"menudencia":5.9,"gallinaChica":14.5,"otros":9.2,"polloXX":8.9,"brasaYugo":9.5,"brasaTecnico":9.7,"polloXXVivo":7.8,"gallinaDobleVivo":9.5,"gallinaChicaVivo":5,"galloVivo":7,"maltratadoVivo":12.5,"ultimaActualizacionUsuario":"1 EDINSON 2024-09-12 12:01:23"},{"idCodigoCliente":"42","nombreCliente":"ANGIE - TOÑO","yugoVivo":8.6,"yugoPelado":9.7,"tecnicaVivo":8.9,"tecnicaPelado":9.7,"gallinaDoblePelado":10.6,"ahogados":2,"galloPelado":8,"maltratadoPelado":8.4,"pechuga":10.2,"pierna":10.4,"alas":10.6,"menudencia":5.9,"gallinaChica":14.5,"otros":9.2,"polloXX":9,"brasaYugo":9.6,"brasaTecnico":9.6,"polloXXVivo":8,"gallinaDobleVivo":9.5,"gallinaChicaVivo":5,"galloVivo":7,"maltratadoVivo":12.5,"ultimaActualizacionUsuario":"1 EDINSON 2024-09-12 12:01:23"},{"idCodigoCliente":"76","nombreCliente":"ATOCHE","yugoVivo":11.8,"yugoPelado":11.9,"tecnicaVivo":11.9,"tecnicaPelado":12,"gallinaDoblePelado":10.6,"ahogados":2,"galloPelado":8,"maltratadoPelado":10.2,"pechuga":10.2,"pierna":10.4,"alas":11.9,"menudencia":5.9,"gallinaChica":14.5,"otros":10.8,"polloXX":12,"brasaYugo":11.6,"brasaTecnico":11.9,"polloXXVivo":11.9,"gallinaDobleVivo":9.5,"gallinaChicaVivo":5,"galloVivo":7,"maltratadoVivo":12.5,"ultimaActualizacionUsuario":"1 EDINSON 2024-09-12 12:01:23"},{"idCodigoCliente":"30","nombreCliente":"BENAVIDES","yugoVivo":8.5,"yugoPelado":9.3,"tecnicaVivo":8.7,"tecnicaPelado":9.5,"gallinaDoblePelado":10.6,"ahogados":2,"galloPelado":8,"maltratadoPelado":7.9,"pechuga":10.2,"pierna":10.4,"alas":10.6,"menudencia":5.9,"gallinaChica":14.5,"otros":1.2,"polloXX":8.2,"brasaYugo":9.2,"brasaTecnico":9.5,"polloXXVivo":7.1,"gallinaDobleVivo":9.5,"gallinaChicaVivo":5,"galloVivo":7,"maltratadoVivo":12.5,"ultimaActualizacionUsuario":"1 EDINSON 2024-09-12 12:01:23"},{"idCodigoCliente":"52","nombreCliente":"CARLOS MALLARITOS","yugoVivo":8.4,"yugoPelado":9.1,"tecnicaVivo":9.3,"tecnicaPelado":9.5,"gallinaDoblePelado":10.6,"ahogados":2,"galloPelado":8,"maltratadoPelado":8.1,"pechuga":10.2,"pierna":10.4,"alas":10.4,"menudencia":5.9,"gallinaChica":14.5,"otros":9,"polloXX":8.9,"brasaYugo":9,"brasaTecnico":9.4,"polloXXVivo":8.2,"gallinaDobleVivo":9.5,"gallinaChicaVivo":5,"galloVivo":7,"maltratadoVivo":12.5,"ultimaActualizacionUsuario":"1 EDINSON 2024-09-12 12:01:23"},{"idCodigoCliente":"40","nombreCliente":"CERROMOCHO","yugoVivo":8.7,"yugoPelado":9.6,"tecnicaVivo":8.8,"tecnicaPelado":9.8,"gallinaDoblePelado":10.6,"ahogados":2,"galloPelado":8,"maltratadoPelado":6.9,"pechuga":10.2,"pierna":10.4,"alas":10.6,"menudencia":5.9,"gallinaChica":14.5,"otros":9,"polloXX":8.9,"brasaYugo":9.3,"brasaTecnico":9.7,"polloXXVivo":8.2,"gallinaDobleVivo":9.5,"gallinaChicaVivo":5,"galloVivo":7,"maltratadoVivo":12.5,"ultimaActualizacionUsuario":"1 EDINSON 2024-09-12 12:01:23"},{"idCodigoCliente":"44","nombreCliente":"CHELA","yugoVivo":8.3,"yugoPelado":9.3,"tecnicaVivo":8.6,"tecnicaPelado":9.5,"gallinaDoblePelado":10.6,"ahogados":2,"galloPelado":8,"maltratadoPelado":7.8,"pechuga":10.2,"pierna":10.4,"alas":10.6,"menudencia":5.9,"gallinaChica":14.5,"otros":9,"polloXX":8.8,"brasaYugo":9.2,"brasaTecnico":9.5,"polloXXVivo":9.3,"gallinaDobleVivo":9.5,"gallinaChicaVivo":5,"galloVivo":7,"maltratadoVivo":12.5,"ultimaActualizacionUsuario":"1 EDINSON 2024-09-12 12:01:23"},{"idCodigoCliente":"39","nombreCliente":"CORONADO","yugoVivo":8.5,"yugoPelado":9.2,"tecnicaVivo":8.8,"tecnicaPelado":9.5,"gallinaDoblePelado":10.6,"ahogados":2,"galloPelado":8,"maltratadoPelado":14.5,"pechuga":10.2,"pierna":10.4,"alas":10.4,"menudencia":5.9,"gallinaChica":14.5,"otros":9,"polloXX":8.9,"brasaYugo":9.1,"brasaTecnico":9.4,"polloXXVivo":9.3,"gallinaDobleVivo":9.5,"gallinaChicaVivo":5,"galloVivo":7,"maltratadoVivo":12.5,"ultimaActualizacionUsuario":"1 EDINSON 2024-09-12 12:01:23"},{"idCodigoCliente":"15","nombreCliente":"DAVID NAVARRO","yugoVivo":8.2,"yugoPelado":9.1,"tecnicaVivo":8.9,"tecnicaPelado":9.5,"gallinaDoblePelado":10.6,"ahogados":2,"galloPelado":8,"maltratadoPelado":7.1,"pechuga":10.2,"pierna":10.4,"alas":10.4,"menudencia":5.9,"gallinaChica":14.5,"otros":9,"polloXX":8.9,"brasaYugo":9,"brasaTecnico":9.4,"polloXXVivo":7.2,"gallinaDobleVivo":9.5,"gallinaChicaVivo":5,"galloVivo":7,"maltratadoVivo":12.5,"ultimaActualizacionUsuario":"1 EDINSON 2024-09-12 12:01:23"},{"idCodigoCliente":"63","nombreCliente":"DEYVI","yugoVivo":8.7,"yugoPelado":9.7,"tecnicaVivo":8.8,"tecnicaPelado":9.9,"gallinaDoblePelado":10.6,"ahogados":2,"galloPelado":8,"maltratadoPelado":8.4,"pechuga":10.2,"pierna":10.4,"alas":10.6,"menudencia":5.9,"gallinaChica":14.5,"otros":9.2,"polloXX":9,"brasaYugo":9.6,"brasaTecnico":9.8,"polloXXVivo":8,"gallinaDobleVivo":9.5,"gallinaChicaVivo":5,"galloVivo":7,"maltratadoVivo":12.5,"ultimaActualizacionUsuario":"1 EDINSON 2024-09-12 12:01:23"},{"idCodigoCliente":"53","nombreCliente":"DOMINGO","yugoVivo":2,"yugoPelado":2.1,"tecnicaVivo":2.1,"tecnicaPelado":2.2,"gallinaDoblePelado":10.6,"ahogados":2,"galloPelado":8,"maltratadoPelado":0,"pechuga":10.2,"pierna":10.4,"alas":2.4,"menudencia":5.9,"gallinaChica":14.5,"otros":1,"polloXX":2.4,"brasaYugo":1.8,"brasaTecnico":2.1,"polloXXVivo":2.3,"gallinaDobleVivo":9.5,"gallinaChicaVivo":5,"galloVivo":7,"maltratadoVivo":12.5,"ultimaActualizacionUsuario":"1 EDINSON 2024-09-12 12:01:23"},{"idCodigoCliente":"12","nombreCliente":"ERIK","yugoVivo":8.6,"yugoPelado":9.6,"tecnicaVivo":8.6,"tecnicaPelado":9.6,"gallinaDoblePelado":10.6,"ahogados":2,"galloPelado":8,"maltratadoPelado":7,"pechuga":10.2,"pierna":10.4,"alas":10.4,"menudencia":5.9,"gallinaChica":14.5,"otros":9,"polloXX":8.9,"brasaYugo":9.5,"brasaTecnico":9.5,"polloXXVivo":8.2,"gallinaDobleVivo":9.5,"gallinaChicaVivo":5,"galloVivo":7,"maltratadoVivo":12.5,"ultimaActualizacionUsuario":"1 EDINSON 2024-09-12 12:01:23"},{"idCodigoCliente":"75","nombreCliente":"FALTANTE TECNICA","yugoVivo":12.5,"yugoPelado":12.6,"tecnicaVivo":12.6,"tecnicaPelado":12.7,"gallinaDoblePelado":10.6,"ahogados":2,"galloPelado":8,"maltratadoPelado":10.4,"pechuga":10.2,"pierna":10.4,"alas":12.6,"menudencia":5.9,"gallinaChica":14.5,"otros":11.2,"polloXX":12.7,"brasaYugo":12.3,"brasaTecnico":12.6,"polloXXVivo":12.6,"gallinaDobleVivo":9.5,"gallinaChicaVivo":5,"galloVivo":7,"maltratadoVivo":12.5,"ultimaActualizacionUsuario":"1 EDINSON 2024-09-12 12:01:23"},{"idCodigoCliente":"57","nombreCliente":"GEAN CARLO","yugoVivo":7.9,"yugoPelado":9.1,"tecnicaVivo":8.5,"tecnicaPelado":9.4,"gallinaDoblePelado":10.6,"ahogados":3,"galloPelado":8,"maltratadoPelado":8.4,"pechuga":10.2,"pierna":10.4,"alas":10.6,"menudencia":5.9,"gallinaChica":14.5,"otros":9,"polloXX":8,"brasaYugo":9.1,"brasaTecnico":9.4,"polloXXVivo":7.2,"gallinaDobleVivo":9.5,"gallinaChicaVivo":11,"galloVivo":7,"maltratadoVivo":12.5,"ultimaActualizacionUsuario":"1 EDINSON 2024-09-12 12:01:23"},{"idCodigoCliente":"47","nombreCliente":"GEORGE","yugoVivo":8.4,"yugoPelado":9.4,"tecnicaVivo":8.7,"tecnicaPelado":9.7,"gallinaDoblePelado":10.6,"ahogados":2,"galloPelado":8,"maltratadoPelado":7.1,"pechuga":10.2,"pierna":10.4,"alas":10.4,"menudencia":5.9,"gallinaChica":14.5,"otros":9,"polloXX":8.9,"brasaYugo":9.3,"brasaTecnico":9.6,"polloXXVivo":8.2,"gallinaDobleVivo":9.5,"gallinaChicaVivo":5,"galloVivo":7,"maltratadoVivo":12.5,"ultimaActualizacionUsuario":"1 EDINSON 2024-09-12 12:01:23"},{"idCodigoCliente":"37","nombreCliente":"GERMAN","yugoVivo":8.4,"yugoPelado":9.4,"tecnicaVivo":8.5,"tecnicaPelado":9.6,"gallinaDoblePelado":10.6,"ahogados":2,"galloPelado":8,"maltratadoPelado":8.4,"pechuga":10.2,"pierna":10.4,"alas":10.6,"menudencia":5.9,"gallinaChica":14.5,"otros":9,"polloXX":8.9,"brasaYugo":9.3,"brasaTecnico":9.5,"polloXXVivo":9.5,"gallinaDobleVivo":9.5,"gallinaChicaVivo":5,"galloVivo":7,"maltratadoVivo":12.5,"ultimaActualizacionUsuario":"1 EDINSON 2024-09-12 12:01:23"},{"idCodigoCliente":"70","nombreCliente":"GRASAS DESPERDICIOS","yugoVivo":12.4,"yugoPelado":12.5,"tecnicaVivo":12.5,"tecnicaPelado":12.6,"gallinaDoblePelado":10.6,"ahogados":2,"galloPelado":8,"maltratadoPelado":10.4,"pechuga":10.2,"pierna":10.4,"alas":12.6,"menudencia":5.9,"gallinaChica":14.5,"otros":11.2,"polloXX":12.8,"brasaYugo":12.4,"brasaTecnico":12.5,"polloXXVivo":12.7,"gallinaDobleVivo":9.5,"gallinaChicaVivo":5,"galloVivo":7,"maltratadoVivo":12.5,"ultimaActualizacionUsuario":"1 EDINSON 2024-09-12 12:01:23"},{"idCodigoCliente":"21","nombreCliente":"GUISELA","yugoVivo":8.7,"yugoPelado":9.6,"tecnicaVivo":8.5,"tecnicaPelado":9.9,"gallinaDoblePelado":10.6,"ahogados":2,"galloPelado":8,"maltratadoPelado":8.4,"pechuga":10.2,"pierna":10.4,"alas":10.6,"menudencia":5.9,"gallinaChica":14.5,"otros":9.2,"polloXX":8.8,"brasaYugo":9.5,"brasaTecnico":9.8,"polloXXVivo":7.7,"gallinaDobleVivo":9.5,"gallinaChicaVivo":5,"galloVivo":7,"maltratadoVivo":12.5,"ultimaActualizacionUsuario":"1 EDINSON 2024-09-12 12:01:23"},{"idCodigoCliente":"38","nombreCliente":"HERRERA TALARA","yugoVivo":8.2,"yugoPelado":9.2,"tecnicaVivo":8.3,"tecnicaPelado":9,"gallinaDoblePelado":10.6,"ahogados":2,"galloPelado":8,"maltratadoPelado":8.4,"pechuga":10.2,"pierna":10.4,"alas":10.6,"menudencia":5.9,"gallinaChica":14.5,"otros":9,"polloXX":8.6,"brasaYugo":9.1,"brasaTecnico":8.9,"polloXXVivo":7,"gallinaDobleVivo":9.5,"gallinaChicaVivo":5,"galloVivo":7,"maltratadoVivo":12.5,"ultimaActualizacionUsuario":"1 EDINSON 2024-09-12 12:01:23"},{"idCodigoCliente":"20","nombreCliente":"HILDEN","yugoVivo":8.7,"yugoPelado":9.7,"tecnicaVivo":8.9,"tecnicaPelado":9.9,"gallinaDoblePelado":10.6,"ahogados":2,"galloPelado":8,"maltratadoPelado":7.2,"pechuga":10.2,"pierna":10.4,"alas":10.4,"menudencia":5.9,"gallinaChica":14.5,"otros":9,"polloXX":8.9,"brasaYugo":9.6,"brasaTecnico":9.8,"polloXXVivo":8.2,"gallinaDobleVivo":9.5,"gallinaChicaVivo":5,"galloVivo":7,"maltratadoVivo":12.5,"ultimaActualizacionUsuario":"1 EDINSON 2024-09-12 12:01:23"},{"idCodigoCliente":"28","nombreCliente":"HUACHES","yugoVivo":8.1,"yugoPelado":9.4,"tecnicaVivo":8.5,"tecnicaPelado":9.6,"gallinaDoblePelado":10.6,"ahogados":2,"galloPelado":8,"maltratadoPelado":7,"pechuga":10.2,"pierna":10.4,"alas":10.4,"menudencia":5.9,"gallinaChica":14.5,"otros":9,"polloXX":8.6,"brasaYugo":9.3,"brasaTecnico":9.5,"polloXXVivo":7.5,"gallinaDobleVivo":9.5,"gallinaChicaVivo":5,"galloVivo":7,"maltratadoVivo":12.5,"ultimaActualizacionUsuario":"1 EDINSON 2024-09-12 12:01:23"},{"idCodigoCliente":"26","nombreCliente":"HUAPAYA","yugoVivo":8.1,"yugoPelado":8.1,"tecnicaVivo":8.5,"tecnicaPelado":9.6,"gallinaDoblePelado":10.6,"ahogados":2,"galloPelado":8,"maltratadoPelado":7,"pechuga":10.2,"pierna":10.4,"alas":10.6,"menudencia":5.9,"gallinaChica":14.5,"otros":9.2,"polloXX":8.7,"brasaYugo":7.8,"brasaTecnico":9.5,"polloXXVivo":7.2,"gallinaDobleVivo":9.5,"gallinaChicaVivo":11.2,"galloVivo":7,"maltratadoVivo":12.5,"ultimaActualizacionUsuario":"1 EDINSON 2024-09-12 12:01:23"},{"idCodigoCliente":"43","nombreCliente":"JACKY","yugoVivo":8.6,"yugoPelado":9.7,"tecnicaVivo":8.9,"tecnicaPelado":9.7,"gallinaDoblePelado":10.6,"ahogados":2,"galloPelado":8,"maltratadoPelado":8,"pechuga":10.2,"pierna":10.4,"alas":10.6,"menudencia":5.9,"gallinaChica":14.5,"otros":9,"polloXX":8.9,"brasaYugo":9.6,"brasaTecnico":9.6,"polloXXVivo":8.2,"gallinaDobleVivo":9.5,"gallinaChicaVivo":5,"galloVivo":7,"maltratadoVivo":12.5,"ultimaActualizacionUsuario":"1 EDINSON 2024-09-12 12:01:23"},{"idCodigoCliente":"61","nombreCliente":"JERSON (OVEJO)","yugoVivo":8.6,"yugoPelado":9.5,"tecnicaVivo":8.8,"tecnicaPelado":9.5,"gallinaDoblePelado":10.6,"ahogados":2,"galloPelado":8,"maltratadoPelado":7.1,"pechuga":10.2,"pierna":10.2,"alas":10.6,"menudencia":5.9,"gallinaChica":14.5,"otros":9,"polloXX":8.9,"brasaYugo":9.4,"brasaTecnico":9.5,"polloXXVivo":9.4,"gallinaDobleVivo":9.5,"gallinaChicaVivo":5,"galloVivo":7,"maltratadoVivo":12.5,"ultimaActualizacionUsuario":"1 EDINSON 2024-09-12 12:01:23"},{"idCodigoCliente":"1","nombreCliente":"JIMENEZ TALARA","yugoVivo":8,"yugoPelado":8.2,"tecnicaVivo":8.2,"tecnicaPelado":9,"gallinaDoblePelado":10.6,"ahogados":2,"galloPelado":8,"maltratadoPelado":6.8,"pechuga":10.2,"pierna":10.4,"alas":10.4,"menudencia":5.9,"gallinaChica":14.5,"otros":9,"polloXX":8.1,"brasaYugo":8.1,"brasaTecnico":9,"polloXXVivo":8.8,"gallinaDobleVivo":9.5,"gallinaChicaVivo":5,"galloVivo":7,"maltratadoVivo":12.5,"ultimaActualizacionUsuario":"1 EDINSON 2024-09-12 12:01:23"},{"idCodigoCliente":"16","nombreCliente":"JIMENEZ VILELA","yugoVivo":8.4,"yugoPelado":9.4,"tecnicaVivo":8.5,"tecnicaPelado":9.5,"gallinaDoblePelado":10.6,"ahogados":2,"galloPelado":8,"maltratadoPelado":7,"pechuga":10.2,"pierna":10.4,"alas":10.4,"menudencia":5.9,"gallinaChica":14.5,"otros":9,"polloXX":8.9,"brasaYugo":9.3,"brasaTecnico":9.4,"polloXXVivo":8.2,"gallinaDobleVivo":9.5,"gallinaChicaVivo":5,"galloVivo":7,"maltratadoVivo":12.5,"ultimaActualizacionUsuario":"1 EDINSON 2024-09-12 12:01:23"},{"idCodigoCliente":"45","nombreCliente":"JUAREZ","yugoVivo":8.5,"yugoPelado":9.3,"tecnicaVivo":8.7,"tecnicaPelado":9.7,"gallinaDoblePelado":10.6,"ahogados":2,"galloPelado":8,"maltratadoPelado":8.4,"pechuga":10.2,"pierna":10.4,"alas":10.6,"menudencia":5.9,"gallinaChica":14.5,"otros":9.2,"polloXX":8.9,"brasaYugo":9.2,"brasaTecnico":9.6,"polloXXVivo":8.2,"gallinaDobleVivo":9.5,"gallinaChicaVivo":5,"galloVivo":7,"maltratadoVivo":12.5,"ultimaActualizacionUsuario":"1 EDINSON 2024-09-12 12:01:23"},{"idCodigoCliente":"78","nombreCliente":"JULIO DIAZ","yugoVivo":10.7,"yugoPelado":10.8,"tecnicaVivo":10.8,"tecnicaPelado":10.9,"gallinaDoblePelado":10.6,"ahogados":3,"galloPelado":10,"maltratadoPelado":10,"pechuga":10.2,"pierna":10.9,"alas":10.9,"menudencia":10.7,"gallinaChica":14.5,"otros":10.1,"polloXX":10.9,"brasaYugo":10.5,"brasaTecnico":10.8,"polloXXVivo":10.8,"gallinaDobleVivo":9.5,"gallinaChicaVivo":10,"galloVivo":7,"maltratadoVivo":12.5,"ultimaActualizacionUsuario":"1 EDINSON 2024-09-12 12:01:23"},{"idCodigoCliente":"11","nombreCliente":"JULIO ZAPATA","yugoVivo":8.1,"yugoPelado":8.9,"tecnicaVivo":8.3,"tecnicaPelado":9.4,"gallinaDoblePelado":10.6,"ahogados":2,"galloPelado":8,"maltratadoPelado":6.9,"pechuga":10.2,"pierna":10.4,"alas":10.4,"menudencia":5.9,"gallinaChica":14.5,"otros":9,"polloXX":8.5,"brasaYugo":8.6,"brasaTecnico":9.3,"polloXXVivo":7.2,"gallinaDobleVivo":9.5,"gallinaChicaVivo":5,"galloVivo":7,"maltratadoVivo":12.5,"ultimaActualizacionUsuario":"1 EDINSON 2024-09-12 12:01:23"},{"idCodigoCliente":"54","nombreCliente":"KAREN","yugoVivo":8.6,"yugoPelado":9.6,"tecnicaVivo":8.8,"tecnicaPelado":9.8,"gallinaDoblePelado":10.6,"ahogados":2,"galloPelado":8,"maltratadoPelado":7.2,"pechuga":10.2,"pierna":10.4,"alas":10.4,"menudencia":5.9,"gallinaChica":14.5,"otros":9,"polloXX":8.9,"brasaYugo":9.5,"brasaTecnico":9.7,"polloXXVivo":8.2,"gallinaDobleVivo":9.5,"gallinaChicaVivo":5,"galloVivo":7,"maltratadoVivo":12.5,"ultimaActualizacionUsuario":"1 EDINSON 2024-09-12 12:01:23"},{"idCodigoCliente":"71","nombreCliente":"LUIS APONTE","yugoVivo":8.5,"yugoPelado":9.4,"tecnicaVivo":8.7,"tecnicaPelado":9.6,"gallinaDoblePelado":10.6,"ahogados":2,"galloPelado":8,"maltratadoPelado":8.4,"pechuga":10.2,"pierna":10.4,"alas":10.6,"menudencia":5.9,"gallinaChica":14.5,"otros":9.2,"polloXX":8.7,"brasaYugo":9.3,"brasaTecnico":9.5,"polloXXVivo":7.6,"gallinaDobleVivo":9.5,"gallinaChicaVivo":5,"galloVivo":7,"maltratadoVivo":12.5,"ultimaActualizacionUsuario":"1 EDINSON 2024-09-12 12:01:23"},{"idCodigoCliente":"60","nombreCliente":"LUIS SANDOVAL","yugoVivo":8.4,"yugoPelado":9.2,"tecnicaVivo":8.5,"tecnicaPelado":9.5,"gallinaDoblePelado":10.6,"ahogados":2,"galloPelado":8,"maltratadoPelado":6.9,"pechuga":10.2,"pierna":10.4,"alas":10.4,"menudencia":5.9,"gallinaChica":14.5,"otros":9,"polloXX":8.9,"brasaYugo":9.1,"brasaTecnico":9.4,"polloXXVivo":7.1,"gallinaDobleVivo":9.5,"gallinaChicaVivo":5,"galloVivo":7,"maltratadoVivo":12.5,"ultimaActualizacionUsuario":"1 EDINSON 2024-09-12 12:01:23"},{"idCodigoCliente":"68","nombreCliente":"MARIA SOMATE","yugoVivo":8.7,"yugoPelado":9.7,"tecnicaVivo":8.8,"tecnicaPelado":9.8,"gallinaDoblePelado":10.6,"ahogados":2,"galloPelado":8,"maltratadoPelado":8.3,"pechuga":10.2,"pierna":10.4,"alas":10.8,"menudencia":5.9,"gallinaChica":14.5,"otros":9.4,"polloXX":8.9,"brasaYugo":9.6,"brasaTecnico":9.7,"polloXXVivo":7.9,"gallinaDobleVivo":9.5,"gallinaChicaVivo":5,"galloVivo":7,"maltratadoVivo":12.5,"ultimaActualizacionUsuario":"1 EDINSON 2024-09-12 11:15:47"},{"idCodigoCliente":"35","nombreCliente":"MARLON","yugoVivo":8.5,"yugoPelado":9.7,"tecnicaVivo":8.9,"tecnicaPelado":9.7,"gallinaDoblePelado":10.6,"ahogados":2,"galloPelado":8,"maltratadoPelado":8.4,"pechuga":10.2,"pierna":10.4,"alas":10.6,"menudencia":5.9,"gallinaChica":14.5,"otros":9,"polloXX":9,"brasaYugo":9.6,"brasaTecnico":9.7,"polloXXVivo":9.5,"gallinaDobleVivo":9.5,"gallinaChicaVivo":5,"galloVivo":7,"maltratadoVivo":12.5,"ultimaActualizacionUsuario":"1 EDINSON 2024-09-12 11:15:47"},{"idCodigoCliente":"77","nombreCliente":"MARUJA","yugoVivo":8.1,"yugoPelado":11,"tecnicaVivo":8.1,"tecnicaPelado":11.3,"gallinaDoblePelado":10.6,"ahogados":2,"galloPelado":8,"maltratadoPelado":10,"pechuga":10.2,"pierna":10.4,"alas":11.2,"menudencia":5.9,"gallinaChica":14.5,"otros":10.4,"polloXX":8.1,"brasaYugo":10.7,"brasaTecnico":11.2,"polloXXVivo":7,"gallinaDobleVivo":9.5,"gallinaChicaVivo":5,"galloVivo":7,"maltratadoVivo":12.5,"ultimaActualizacionUsuario":"1 EDINSON 2024-09-12 11:15:47"},{"idCodigoCliente":"67","nombreCliente":"MASAY","yugoVivo":12.6,"yugoPelado":12.7,"tecnicaVivo":12.7,"tecnicaPelado":12.8,"gallinaDoblePelado":10.6,"ahogados":2,"galloPelado":8,"maltratadoPelado":10.6,"pechuga":10.2,"pierna":10.4,"alas":12.8,"menudencia":5.9,"gallinaChica":14.5,"otros":11.4,"polloXX":13,"brasaYugo":12.6,"brasaTecnico":12.7,"polloXXVivo":12.9,"gallinaDobleVivo":9.5,"gallinaChicaVivo":5,"galloVivo":7,"maltratadoVivo":12.5,"ultimaActualizacionUsuario":"1 EDINSON 2024-09-12 11:15:47"},{"idCodigoCliente":"19","nombreCliente":"MECA","yugoVivo":8.6,"yugoPelado":9.6,"tecnicaVivo":8.7,"tecnicaPelado":9.2,"gallinaDoblePelado":10.6,"ahogados":2,"galloPelado":8,"maltratadoPelado":7.9,"pechuga":10.2,"pierna":10.2,"alas":10.4,"menudencia":5.9,"gallinaChica":14.5,"otros":9,"polloXX":8.9,"brasaYugo":9.5,"brasaTecnico":9.1,"polloXXVivo":8.2,"gallinaDobleVivo":9.5,"gallinaChicaVivo":5,"galloVivo":7,"maltratadoVivo":12.5,"ultimaActualizacionUsuario":"1 EDINSON 2024-09-12 11:15:47"},{"idCodigoCliente":"6","nombreCliente":"MELLIZO","yugoVivo":8.6,"yugoPelado":9.1,"tecnicaVivo":8.9,"tecnicaPelado":9.5,"gallinaDoblePelado":10.6,"ahogados":2,"galloPelado":8,"maltratadoPelado":8.4,"pechuga":10.2,"pierna":10.4,"alas":10.6,"menudencia":5.9,"gallinaChica":14.5,"otros":9.2,"polloXX":8.9,"brasaYugo":9,"brasaTecnico":9.4,"polloXXVivo":8.2,"gallinaDobleVivo":9.5,"gallinaChicaVivo":5,"galloVivo":7,"maltratadoVivo":12.5,"ultimaActualizacionUsuario":"1 EDINSON 2024-09-12 11:15:47"},{"idCodigoCliente":"4","nombreCliente":"MILLER","yugoVivo":8.1,"yugoPelado":8.1,"tecnicaVivo":8.5,"tecnicaPelado":8.7,"gallinaDoblePelado":10.6,"ahogados":2,"galloPelado":8,"maltratadoPelado":8.4,"pechuga":10.2,"pierna":10.4,"alas":10.6,"menudencia":5.9,"gallinaChica":14.5,"otros":9.2,"polloXX":8.2,"brasaYugo":7.8,"brasaTecnico":8.6,"polloXXVivo":7.2,"gallinaDobleVivo":9.5,"gallinaChicaVivo":11.5,"galloVivo":7,"maltratadoVivo":12.5,"ultimaActualizacionUsuario":"1 EDINSON 2024-09-12 11:15:47"},{"idCodigoCliente":"14","nombreCliente":"NAYA","yugoVivo":8.05,"yugoPelado":9.3,"tecnicaVivo":8.4,"tecnicaPelado":9.5,"gallinaDoblePelado":10.6,"ahogados":2,"galloPelado":8,"maltratadoPelado":7,"pechuga":10.2,"pierna":10.4,"alas":10.4,"menudencia":5.9,"gallinaChica":14.5,"otros":9,"polloXX":8.9,"brasaYugo":9.2,"brasaTecnico":9.4,"polloXXVivo":8.2,"gallinaDobleVivo":9.5,"gallinaChicaVivo":13,"galloVivo":7,"maltratadoVivo":12.5,"ultimaActualizacionUsuario":"1 EDINSON 2024-09-12 11:15:47"},{"idCodigoCliente":"17","nombreCliente":"OFELIA","yugoVivo":8.7,"yugoPelado":9.2,"tecnicaVivo":8.7,"tecnicaPelado":9.4,"gallinaDoblePelado":10.6,"ahogados":2,"galloPelado":8,"maltratadoPelado":8.2,"pechuga":10.2,"pierna":10.4,"alas":10.4,"menudencia":5.9,"gallinaChica":14.5,"otros":9.2,"polloXX":9,"brasaYugo":9.1,"brasaTecnico":9.3,"polloXXVivo":7.2,"gallinaDobleVivo":9.5,"gallinaChicaVivo":5,"galloVivo":7,"maltratadoVivo":12.5,"ultimaActualizacionUsuario":"1 EDINSON 2024-09-12 11:15:47"},{"idCodigoCliente":"49","nombreCliente":"OROZCO","yugoVivo":8.3,"yugoPelado":9.2,"tecnicaVivo":7.6,"tecnicaPelado":9.4,"gallinaDoblePelado":10.6,"ahogados":2,"galloPelado":8,"maltratadoPelado":14.5,"pechuga":10.2,"pierna":10.2,"alas":10.2,"menudencia":5.7,"gallinaChica":14.5,"otros":9,"polloXX":8.5,"brasaYugo":9.1,"brasaTecnico":9.4,"polloXXVivo":9.2,"gallinaDobleVivo":9.5,"gallinaChicaVivo":5,"galloVivo":7,"maltratadoVivo":12.5,"ultimaActualizacionUsuario":"1 EDINSON 2024-09-12 11:15:47"},{"idCodigoCliente":"69","nombreCliente":"OTROS","yugoVivo":12.6,"yugoPelado":12.7,"tecnicaVivo":12.7,"tecnicaPelado":12.8,"gallinaDoblePelado":10.6,"ahogados":2,"galloPelado":8,"maltratadoPelado":10.6,"pechuga":10.2,"pierna":10.4,"alas":10.4,"menudencia":5.9,"gallinaChica":14.5,"otros":11.4,"polloXX":13,"brasaYugo":12.6,"brasaTecnico":12.7,"polloXXVivo":12.9,"gallinaDobleVivo":9.5,"gallinaChicaVivo":5,"galloVivo":7,"maltratadoVivo":12.5,"ultimaActualizacionUsuario":"1 EDINSON 2024-09-12 11:15:47"},{"idCodigoCliente":"72","nombreCliente":"PAUL","yugoVivo":12.4,"yugoPelado":12.5,"tecnicaVivo":12.5,"tecnicaPelado":12.6,"gallinaDoblePelado":10.6,"ahogados":2,"galloPelado":8,"maltratadoPelado":10.4,"pechuga":10.2,"pierna":10.4,"alas":10.4,"menudencia":5.9,"gallinaChica":14.5,"otros":11.2,"polloXX":12.8,"brasaYugo":12.4,"brasaTecnico":12.5,"polloXXVivo":12.7,"gallinaDobleVivo":9.5,"gallinaChicaVivo":5,"galloVivo":7,"maltratadoVivo":12.5,"ultimaActualizacionUsuario":"1 EDINSON 2024-09-12 11:15:47"},{"idCodigoCliente":"66","nombreCliente":"PECHUGAS DURAS","yugoVivo":8,"yugoPelado":8.1,"tecnicaVivo":8.1,"tecnicaPelado":8.2,"gallinaDoblePelado":10.6,"ahogados":2,"galloPelado":8,"maltratadoPelado":6,"pechuga":10.2,"pierna":10.4,"alas":10.4,"menudencia":5.9,"gallinaChica":14.5,"otros":7,"polloXX":8.4,"brasaYugo":8,"brasaTecnico":8.1,"polloXXVivo":8.3,"gallinaDobleVivo":9.5,"gallinaChicaVivo":5,"galloVivo":7,"maltratadoVivo":12.5,"ultimaActualizacionUsuario":"1 EDINSON 2024-09-12 11:15:47"},{"idCodigoCliente":"7","nombreCliente":"PEÑITA BRASA","yugoVivo":8.4,"yugoPelado":9.4,"tecnicaVivo":8.7,"tecnicaPelado":9.7,"gallinaDoblePelado":10.6,"ahogados":2,"galloPelado":8,"maltratadoPelado":7.1,"pechuga":10.2,"pierna":10.4,"alas":10.4,"menudencia":5.9,"gallinaChica":14.5,"otros":9,"polloXX":9,"brasaYugo":9.3,"brasaTecnico":9.6,"polloXXVivo":8.2,"gallinaDobleVivo":9.5,"gallinaChicaVivo":5,"galloVivo":7,"maltratadoVivo":12.5,"ultimaActualizacionUsuario":"1 EDINSON 2024-09-12 11:15:47"},{"idCodigoCliente":"59","nombreCliente":"PERROS","yugoVivo":5,"yugoPelado":5.1,"tecnicaVivo":5.1,"tecnicaPelado":5.2,"gallinaDoblePelado":10.6,"ahogados":2,"galloPelado":8,"maltratadoPelado":3,"pechuga":10.2,"pierna":10.4,"alas":10.4,"menudencia":5.9,"gallinaChica":14.5,"otros":4,"polloXX":5.4,"brasaYugo":5,"brasaTecnico":5.1,"polloXXVivo":5.3,"gallinaDobleVivo":9.5,"gallinaChicaVivo":5,"galloVivo":7,"maltratadoVivo":12.5,"ultimaActualizacionUsuario":"1 EDINSON 2024-09-12 11:15:47"},{"idCodigoCliente":"13","nombreCliente":"PILAR","yugoVivo":8.15,"yugoPelado":9.5,"tecnicaVivo":8.4,"tecnicaPelado":9.7,"gallinaDoblePelado":10.6,"ahogados":2,"galloPelado":8,"maltratadoPelado":7,"pechuga":10.2,"pierna":10.4,"alas":10.4,"menudencia":5.9,"gallinaChica":14.5,"otros":9,"polloXX":8.3,"brasaYugo":9.4,"brasaTecnico":9.6,"polloXXVivo":8.2,"gallinaDobleVivo":9.5,"gallinaChicaVivo":13,"galloVivo":7,"maltratadoVivo":12.5,"ultimaActualizacionUsuario":"1 EDINSON 2024-09-12 11:15:47"},{"idCodigoCliente":"51","nombreCliente":"PITICO","yugoVivo":8.4,"yugoPelado":9.4,"tecnicaVivo":8.5,"tecnicaPelado":9.6,"gallinaDoblePelado":10.6,"ahogados":2,"galloPelado":8,"maltratadoPelado":7.1,"pechuga":10.2,"pierna":10.4,"alas":10.4,"menudencia":5.9,"gallinaChica":14.5,"otros":9,"polloXX":9,"brasaYugo":9.3,"brasaTecnico":9.5,"polloXXVivo":7.2,"gallinaDobleVivo":9.5,"gallinaChicaVivo":5,"galloVivo":7,"maltratadoVivo":12.5,"ultimaActualizacionUsuario":"1 EDINSON 2024-09-12 11:15:47"},{"idCodigoCliente":"62","nombreCliente":"PRUEBA","yugoVivo":0,"yugoPelado":0,"tecnicaVivo":0,"tecnicaPelado":0,"gallinaDoblePelado":0.1,"ahogados":0,"galloPelado":0,"maltratadoPelado":0,"pechuga":0,"pierna":0,"alas":0,"menudencia":0,"gallinaChica":0,"otros":0,"polloXX":0,"brasaYugo":0,"brasaTecnico":0,"polloXXVivo":0,"gallinaDobleVivo":0,"gallinaChicaVivo":0,"galloVivo":0,"maltratadoVivo":0,"ultimaActualizacionUsuario":"1 EDINSON 2024-09-12 11:15:47"},{"idCodigoCliente":"73","nombreCliente":"SALOMON","yugoVivo":12.4,"yugoPelado":12.5,"tecnicaVivo":8.6,"tecnicaPelado":12.6,"gallinaDoblePelado":10.6,"ahogados":2,"galloPelado":8,"maltratadoPelado":10.4,"pechuga":10.2,"pierna":10.4,"alas":10.4,"menudencia":5.9,"gallinaChica":14.5,"otros":11.2,"polloXX":12.8,"brasaYugo":12.4,"brasaTecnico":12.5,"polloXXVivo":12.7,"gallinaDobleVivo":9.5,"gallinaChicaVivo":5,"galloVivo":7,"maltratadoVivo":12.5,"ultimaActualizacionUsuario":"1 EDINSON 2024-09-12 11:15:47"},{"idCodigoCliente":"56","nombreCliente":"SECOS","yugoVivo":7,"yugoPelado":7.1,"tecnicaVivo":7.1,"tecnicaPelado":7.2,"gallinaDoblePelado":10.6,"ahogados":2,"galloPelado":8,"maltratadoPelado":5,"pechuga":10.2,"pierna":10.4,"alas":10.4,"menudencia":5.9,"gallinaChica":14.5,"otros":6,"polloXX":7.4,"brasaYugo":7,"brasaTecnico":7.1,"polloXXVivo":7.3,"gallinaDobleVivo":9.5,"gallinaChicaVivo":5,"galloVivo":7,"maltratadoVivo":12.5,"ultimaActualizacionUsuario":"1 EDINSON 2024-09-12 11:15:47"},{"idCodigoCliente":"18","nombreCliente":"SOFIA","yugoVivo":8.2,"yugoPelado":9.4,"tecnicaVivo":8.5,"tecnicaPelado":9.6,"gallinaDoblePelado":10.6,"ahogados":2,"galloPelado":8,"maltratadoPelado":8.4,"pechuga":10.2,"pierna":10.4,"alas":10.4,"menudencia":5.9,"gallinaChica":14.5,"otros":9,"polloXX":8.7,"brasaYugo":9.3,"brasaTecnico":9.5,"polloXXVivo":8,"gallinaDobleVivo":9.5,"gallinaChicaVivo":5,"galloVivo":7,"maltratadoVivo":12.5,"ultimaActualizacionUsuario":"1 EDINSON 2024-09-12 11:15:47"},{"idCodigoCliente":"22","nombreCliente":"SR. CUNYA","yugoVivo":8.3,"yugoPelado":9.1,"tecnicaVivo":8.5,"tecnicaPelado":9.5,"gallinaDoblePelado":10.6,"ahogados":2,"galloPelado":8,"maltratadoPelado":7.9,"pechuga":10.2,"pierna":10.4,"alas":10.4,"menudencia":5.9,"gallinaChica":14.5,"otros":9,"polloXX":8.5,"brasaYugo":9,"brasaTecnico":9.4,"polloXXVivo":9.3,"gallinaDobleVivo":9.5,"gallinaChicaVivo":5,"galloVivo":7,"maltratadoVivo":12.5,"ultimaActualizacionUsuario":"1 EDINSON 2024-09-12 11:15:47"},{"idCodigoCliente":"31","nombreCliente":"SR. OROZCO","yugoVivo":8.3,"yugoPelado":9.3,"tecnicaVivo":8.4,"tecnicaPelado":9.4,"gallinaDoblePelado":10.6,"ahogados":2,"galloPelado":8,"maltratadoPelado":6.8,"pechuga":10.2,"pierna":10.4,"alas":10.4,"menudencia":5.9,"gallinaChica":14.5,"otros":9,"polloXX":9,"brasaYugo":9.2,"brasaTecnico":9.3,"polloXXVivo":8.2,"gallinaDobleVivo":9.5,"gallinaChicaVivo":5,"galloVivo":7,"maltratadoVivo":12.5,"ultimaActualizacionUsuario":"1 EDINSON 2024-09-12 11:15:47"},{"idCodigoCliente":"29","nombreCliente":"SR. PAIMAS","yugoVivo":8.6,"yugoPelado":9.5,"tecnicaVivo":8.9,"tecnicaPelado":9.7,"gallinaDoblePelado":10.6,"ahogados":2,"galloPelado":8,"maltratadoPelado":6.9,"pechuga":10.2,"pierna":10.4,"alas":10.4,"menudencia":5.9,"gallinaChica":14.5,"otros":9,"polloXX":8.9,"brasaYugo":9.4,"brasaTecnico":9.6,"polloXXVivo":7.9,"gallinaDobleVivo":9.5,"gallinaChicaVivo":12,"galloVivo":7,"maltratadoVivo":12.5,"ultimaActualizacionUsuario":"1 EDINSON 2024-09-12 11:15:47"},{"idCodigoCliente":"48","nombreCliente":"SR. VALLADOLID","yugoVivo":8.5,"yugoPelado":8.4,"tecnicaVivo":8.6,"tecnicaPelado":9.7,"gallinaDoblePelado":10.6,"ahogados":2,"galloPelado":8,"maltratadoPelado":7.2,"pechuga":10.2,"pierna":10.4,"alas":10.4,"menudencia":5.9,"gallinaChica":14.5,"otros":9,"polloXX":8.2,"brasaYugo":8.3,"brasaTecnico":9.6,"polloXXVivo":8.2,"gallinaDobleVivo":9.5,"gallinaChicaVivo":5,"galloVivo":7,"maltratadoVivo":12.5,"ultimaActualizacionUsuario":"1 EDINSON 2024-09-12 11:15:47"},{"idCodigoCliente":"34","nombreCliente":"SR. VIERA","yugoVivo":8.1,"yugoPelado":9.3,"tecnicaVivo":8.5,"tecnicaPelado":9.5,"gallinaDoblePelado":10.6,"ahogados":3,"galloPelado":8,"maltratadoPelado":7,"pechuga":10.2,"pierna":10.4,"alas":10.4,"menudencia":5.9,"gallinaChica":14.5,"otros":9,"polloXX":9,"brasaYugo":9.2,"brasaTecnico":9.4,"polloXXVivo":6.9,"gallinaDobleVivo":9.5,"gallinaChicaVivo":12,"galloVivo":7,"maltratadoVivo":12.5,"ultimaActualizacionUsuario":"1 EDINSON 2024-09-12 11:15:47"},{"idCodigoCliente":"5","nombreCliente":"SRA. ANA JIBITO","yugoVivo":8.7,"yugoPelado":9.7,"tecnicaVivo":8.8,"tecnicaPelado":9.8,"gallinaDoblePelado":10.6,"ahogados":2,"galloPelado":8,"maltratadoPelado":7.2,"pechuga":10.2,"pierna":10.4,"alas":10.4,"menudencia":5.9,"gallinaChica":14.5,"otros":9,"polloXX":8.9,"brasaYugo":9.6,"brasaTecnico":9.7,"polloXXVivo":8.2,"gallinaDobleVivo":9.5,"gallinaChicaVivo":5,"galloVivo":7,"maltratadoVivo":12.5,"ultimaActualizacionUsuario":"1 EDINSON 2024-09-12 11:15:47"},{"idCodigoCliente":"27","nombreCliente":"SRA. CASTRO","yugoVivo":8.5,"yugoPelado":9.3,"tecnicaVivo":8.6,"tecnicaPelado":9.4,"gallinaDoblePelado":10.6,"ahogados":2,"galloPelado":8,"maltratadoPelado":8.4,"pechuga":10.2,"pierna":10.4,"alas":10.4,"menudencia":5.9,"gallinaChica":14.5,"otros":9.2,"polloXX":8.8,"brasaYugo":9.2,"brasaTecnico":9.4,"polloXXVivo":9.2,"gallinaDobleVivo":9.5,"gallinaChicaVivo":5,"galloVivo":7,"maltratadoVivo":12.5,"ultimaActualizacionUsuario":"1 EDINSON 2024-09-12 11:15:47"},{"idCodigoCliente":"25","nombreCliente":"SRA. SILVIA","yugoVivo":8.6,"yugoPelado":9.1,"tecnicaVivo":8.9,"tecnicaPelado":9.5,"gallinaDoblePelado":10.6,"ahogados":2,"galloPelado":8,"maltratadoPelado":8.4,"pechuga":10.2,"pierna":10.4,"alas":10.4,"menudencia":5.9,"gallinaChica":14.5,"otros":9,"polloXX":8.6,"brasaYugo":9,"brasaTecnico":9.4,"polloXXVivo":8.2,"gallinaDobleVivo":9.5,"gallinaChicaVivo":5,"galloVivo":7,"maltratadoVivo":12.5,"ultimaActualizacionUsuario":"1 EDINSON 2024-09-12 11:15:47"},{"idCodigoCliente":"32","nombreCliente":"SRA. VIRNA SOFIA","yugoVivo":8.6,"yugoPelado":8.1,"tecnicaVivo":8.8,"tecnicaPelado":9.6,"gallinaDoblePelado":10.6,"ahogados":2,"galloPelado":8,"maltratadoPelado":7.2,"pechuga":10.2,"pierna":10.4,"alas":10.4,"menudencia":5.9,"gallinaChica":14.5,"otros":9,"polloXX":8.9,"brasaYugo":7.8,"brasaTecnico":9.5,"polloXXVivo":8.2,"gallinaDobleVivo":9.5,"gallinaChicaVivo":5,"galloVivo":7,"maltratadoVivo":12.5,"ultimaActualizacionUsuario":"1 EDINSON 2024-09-12 11:15:47"},{"idCodigoCliente":"74","nombreCliente":"STOCK","yugoVivo":12.3,"yugoPelado":12.4,"tecnicaVivo":12.4,"tecnicaPelado":12.5,"gallinaDoblePelado":10.6,"ahogados":2,"galloPelado":8,"maltratadoPelado":10.2,"pechuga":10.2,"pierna":10.4,"alas":10.4,"menudencia":5.9,"gallinaChica":14.5,"otros":11,"polloXX":12.5,"brasaYugo":12.1,"brasaTecnico":12.4,"polloXXVivo":12.4,"gallinaDobleVivo":9.5,"gallinaChicaVivo":5,"galloVivo":7,"maltratadoVivo":12.5,"ultimaActualizacionUsuario":"1 EDINSON 2024-09-12 11:15:47"},{"idCodigoCliente":"64","nombreCliente":"SUEGRA DE NILSON","yugoVivo":8.6,"yugoPelado":9.6,"tecnicaVivo":8.7,"tecnicaPelado":9.7,"gallinaDoblePelado":10.6,"ahogados":2,"galloPelado":8,"maltratadoPelado":7.1,"pechuga":10.2,"pierna":10.4,"alas":10.4,"menudencia":5.9,"gallinaChica":14.5,"otros":9,"polloXX":8.9,"brasaYugo":9.5,"brasaTecnico":9.6,"polloXXVivo":8.2,"gallinaDobleVivo":9.5,"gallinaChicaVivo":5,"galloVivo":7,"maltratadoVivo":12.5,"ultimaActualizacionUsuario":"1 EDINSON 2024-09-12 11:15:47"},{"idCodigoCliente":"36","nombreCliente":"TECNICA","yugoVivo":2,"yugoPelado":2.1,"tecnicaVivo":2.1,"tecnicaPelado":2.2,"gallinaDoblePelado":10.6,"ahogados":2,"galloPelado":8,"maltratadoPelado":10.3,"pechuga":10.2,"pierna":10.4,"alas":10.4,"menudencia":5.9,"gallinaChica":14.5,"otros":9,"polloXX":12.7,"brasaYugo":2,"brasaTecnico":2.1,"polloXXVivo":12.6,"gallinaDobleVivo":9.5,"gallinaChicaVivo":5,"galloVivo":7,"maltratadoVivo":12.5,"ultimaActualizacionUsuario":"1 EDINSON 2024-09-12 11:15:47"},{"idCodigoCliente":"33","nombreCliente":"TIENDA PIURA","yugoVivo":8.3,"yugoPelado":7.2,"tecnicaVivo":8.4,"tecnicaPelado":9.4,"gallinaDoblePelado":10.6,"ahogados":2,"galloPelado":8,"maltratadoPelado":6.8,"pechuga":10.2,"pierna":10.4,"alas":10.4,"menudencia":5.9,"gallinaChica":14.5,"otros":9,"polloXX":8.9,"brasaYugo":6.9,"brasaTecnico":9.3,"polloXXVivo":8.2,"gallinaDobleVivo":9.5,"gallinaChicaVivo":5,"galloVivo":7,"maltratadoVivo":12.5,"ultimaActualizacionUsuario":"1 EDINSON 2024-09-12 11:15:47"},{"idCodigoCliente":"9","nombreCliente":"TOÑO","yugoVivo":8.6,"yugoPelado":9.6,"tecnicaVivo":8.6,"tecnicaPelado":9.6,"gallinaDoblePelado":10.6,"ahogados":2,"galloPelado":8,"maltratadoPelado":7,"pechuga":10.2,"pierna":10.4,"alas":10.4,"menudencia":5.9,"gallinaChica":14.5,"otros":9,"polloXX":8.9,"brasaYugo":9.5,"brasaTecnico":9.5,"polloXXVivo":8.2,"gallinaDobleVivo":9.5,"gallinaChicaVivo":5,"galloVivo":7,"maltratadoVivo":12.5,"ultimaActualizacionUsuario":"1 EDINSON 2024-09-12 11:15:47"},{"idCodigoCliente":"58","nombreCliente":"TROZADOS","yugoVivo":10,"yugoPelado":10.1,"tecnicaVivo":10.1,"tecnicaPelado":10.2,"gallinaDoblePelado":10.6,"ahogados":2,"galloPelado":8,"maltratadoPelado":10.3,"pechuga":10.2,"pierna":10.4,"alas":10.4,"menudencia":5.9,"gallinaChica":14.5,"otros":9,"polloXX":8.9,"brasaYugo":10,"brasaTecnico":10.1,"polloXXVivo":8.2,"gallinaDobleVivo":9.5,"gallinaChicaVivo":5,"galloVivo":7,"maltratadoVivo":12.5,"ultimaActualizacionUsuario":"1 EDINSON 2024-09-12 11:15:47"},{"idCodigoCliente":"10","nombreCliente":"VARON HUACA","yugoVivo":8.2,"yugoPelado":9.2,"tecnicaVivo":8.4,"tecnicaPelado":9.3,"gallinaDoblePelado":10.6,"ahogados":2,"galloPelado":8,"maltratadoPelado":8.4,"pechuga":10.2,"pierna":10.4,"alas":10.4,"menudencia":5.9,"gallinaChica":14.5,"otros":9,"polloXX":8.9,"brasaYugo":9.1,"brasaTecnico":9.2,"polloXXVivo":8.2,"gallinaDobleVivo":9.5,"gallinaChicaVivo":11,"galloVivo":7,"maltratadoVivo":12.5,"ultimaActualizacionUsuario":"1 EDINSON 2024-09-12 11:15:47"},{"idCodigoCliente":"24","nombreCliente":"VENTA","yugoVivo":8.2,"yugoPelado":9.3,"tecnicaVivo":8.9,"tecnicaPelado":9.8,"gallinaDoblePelado":10.6,"ahogados":2,"galloPelado":8,"maltratadoPelado":8.6,"pechuga":10.2,"pierna":10.2,"alas":10.2,"menudencia":6,"gallinaChica":14.5,"otros":5.1,"polloXX":8.2,"brasaYugo":9.2,"brasaTecnico":9.7,"polloXXVivo":7.1,"gallinaDobleVivo":9.5,"gallinaChicaVivo":3,"galloVivo":7,"maltratadoVivo":12.5,"ultimaActualizacionUsuario":"1 EDINSON 2024-09-12 11:15:47"},{"idCodigoCliente":"46","nombreCliente":"WILTON","yugoVivo":8.4,"yugoPelado":9.4,"tecnicaVivo":8.6,"tecnicaPelado":9.4,"gallinaDoblePelado":10.6,"ahogados":2,"galloPelado":8,"maltratadoPelado":8.4,"pechuga":10.2,"pierna":10.4,"alas":10.4,"menudencia":5.9,"gallinaChica":14.5,"otros":9,"polloXX":8.9,"brasaYugo":9.3,"brasaTecnico":9.3,"polloXXVivo":9.2,"gallinaDobleVivo":9.5,"gallinaChicaVivo":5,"galloVivo":7,"maltratadoVivo":12.5,"ultimaActualizacionUsuario":"1 EDINSON 2024-09-12 11:15:47"},{"idCodigoCliente":"50","nombreCliente":"YAMIR","yugoVivo":8.3,"yugoPelado":9.1,"tecnicaVivo":8.4,"tecnicaPelado":9.35,"gallinaDoblePelado":10.6,"ahogados":2,"galloPelado":8,"maltratadoPelado":8.65,"pechuga":10.2,"pierna":10.4,"alas":10.4,"menudencia":10.3,"gallinaChica":14.5,"otros":9.2,"polloXX":8.6,"brasaYugo":9,"brasaTecnico":9.35,"polloXXVivo":8.95,"gallinaDobleVivo":9.5,"gallinaChicaVivo":5,"galloVivo":7,"maltratadoVivo":12.5,"ultimaActualizacionUsuario":"1 EDINSON 2024-09-12 11:15:47"}]